{
  "timestamp": "2025-10-20T16:20:23.794505",
  "series_count": 3,
  "series_analysis": {
    "周期性数据": {
      "data_points": 100,
      "trends": {
        "trend": "decreasing",
        "slope": -0.43696493338887754,
        "r_squared": 0.13774608082528472,
        "mean": 53.37518770186811,
        "std": 3.381691102179351,
        "min": 49.204034030757,
        "max": 59.96583688326115
      },
      "anomaly_count": 2,
      "latest_value": 57.01110738024916,
      "unit": "units"
    },
    "突变数据": {
      "data_points": 100,
      "trends": {
        "trend": "decreasing",
        "slope": -0.11835322989548916,
        "r_squared": 0.07592355340760026,
        "mean": 25.48442146983754,
        "std": 1.2337263080736174,
        "min": 23.849888147835376,
        "max": 27.466928542368716
      },
      "anomaly_count": 0,
      "latest_value": 23.849888147835376,
      "unit": "units"
    },
    "异常数据": {
      "data_points": 100,
      "trends": {
        "trend": "increasing",
        "slope": 0.23049722158026065,
        "r_squared": 0.036741788145598586,
        "mean": 30.3797744938483,
        "std": 3.4539219923095317,
        "min": 26.06251253505344,
        "max": 37.86282458479579
      },
      "anomaly_count": 3,
      "latest_value": 27.520286494969557,
      "unit": "units"
    }
  }
}